Trait,Heritability_H2,Published_H2,Source
yield,0.45045737303270567,0.45,Ferrão et al. 2021
fruit_weight,0.5162342095681427,0.6,Cappai et al. 2020
brix,0.6509677540904008,0.65,Ferrão et al. 2021
firmness,0.5424604065935167,0.55,Mengist et al. 2022
stem_blight_resistance,0.41175537800753237,0.4,Brar et al. 2020
