Trait,Method,R2,RMSE,n_training
yield,Random Forest,0.10790601477201156,0.7664472896207054,100
fruit_weight,Random Forest,0.06154812453017422,0.46262644147125453,100
brix,Random Forest,0.23858279541067606,1.3087435998019235,100
firmness,Random Forest,0.3973046371428923,0.7656554048349027,100
stem_blight_resistance,Random Forest,0.19008925951423528,1.2393722231081872,100
